,Address,Suburb Latitude,Suburb Longitude,Venue,Venue Latitude,Venue Longitude,Venue Category
0,"Ba Đình, Hanoi Vietnam",21.036305399999996,105.82898610000001,Lý Văn Phúc (Chicken Street),21.031232787135988,105.83201370130966,Wings Joint
1,"Ba Đình, Hanoi Vietnam",21.036305399999996,105.82898610000001,Bia Hơi 19C Ngọc Hà,21.037279852612887,105.83132657704256,Beer Garden
2,"Ba Đình, Hanoi Vietnam",21.036305399999996,105.82898610000001,Bình Minh,21.03145670852749,105.83208733605282,Fried Chicken Joint
3,"Ba Đình, Hanoi Vietnam",21.036305399999996,105.82898610000001,Bánh Xèo - Nem Lụi Đà Nẵng,21.034936934481603,105.82550954941514,Vietnamese Restaurant
4,"Ba Đình, Hanoi Vietnam",21.036305399999996,105.82898610000001,Pullman Hanoi,21.029920220058624,105.82884669369857,Hotel
5,"Ba Đình, Hanoi Vietnam",21.036305399999996,105.82898610000001,Ashima,21.034310272194663,105.82723559023128,Hotpot Restaurant
6,"Ba Đình, Hanoi Vietnam",21.036305399999996,105.82898610000001,Lăng Chủ Tịch Hồ Chí Minh (Ho Chi Minh Mausoleum),21.035525003506528,105.83472030630196,Monument / Landmark
7,"Ba Đình, Hanoi Vietnam",21.036305399999996,105.82898610000001,Zennova Massage,21.029978946267022,105.82585142634457,Massage Studio
8,"Ba Đình, Hanoi Vietnam",21.036305399999996,105.82898610000001,Chân Gà Nướng Việt Hà,21.03047174442838,105.83180499479471,BBQ Joint
9,"Ba Đình, Hanoi Vietnam",21.036305399999996,105.82898610000001,Cơm Chay Hà Thành,21.032317944038727,105.82537885516243,Vegetarian / Vegan Restaurant
10,"Ba Đình, Hanoi Vietnam",21.036305399999996,105.82898610000001,Highlands Coffee,21.029604747443845,105.82781147887155,Coffee Shop
11,"Ba Đình, Hanoi Vietnam",21.036305399999996,105.82898610000001,Polygon Music,21.02992175854496,105.82286169211365,Rock Club
12,"Ba Đình, Hanoi Vietnam",21.036305399999996,105.82898610000001,Eté Resto Bar,21.034334589908426,105.82723803347305,Bar
13,"Ba Đình, Hanoi Vietnam",21.036305399999996,105.82898610000001,Café Bách Thảo,21.04149700417548,105.83302781691124,Coffee Shop
14,"Ba Đình, Hanoi Vietnam",21.036305399999996,105.82898610000001,Hồ Hữu Tiệp (B52 Lake) (Hồ Hữu Tiệp),21.034555551457032,105.82608945628306,Lake
15,"Ba Đình, Hanoi Vietnam",21.036305399999996,105.82898610000001,Mỳ Chinh,21.029188595907527,105.83420475356623,Noodle House
16,"Ba Đình, Hanoi Vietnam",21.036305399999996,105.82898610000001,Long Vĩ,21.030284380711453,105.83003534118973,Wedding Hall
17,"Ba Đình, Hanoi Vietnam",21.036305399999996,105.82898610000001,REN (蓮),21.030466849127173,105.83423263725868,Japanese Restaurant
18,"Ba Đình, Hanoi Vietnam",21.036305399999996,105.82898610000001,Phủ Chủ Tịch (Presidential Palace),21.038247613698505,105.83420428201393,Palace
19,"Ba Đình, Hanoi Vietnam",21.036305399999996,105.82898610000001,Chùa Một Cột (One Pillar Pagoda) (Chùa Một Cột),21.035685249987047,105.83367523983044,Temple
20,"Ba Đình, Hanoi Vietnam",21.036305399999996,105.82898610000001,Nhà Sàn Bác Hồ (Uncle Ho's Stilt House) (Nhà Sàn Bác Hồ),21.037836442125233,105.8334187811269,Historic Site
21,"Ba Đình, Hanoi Vietnam",21.036305399999996,105.82898610000001,Executive Lounge Pullman Hotel,21.03012065586137,105.82874541561304,Lounge
22,"Ba Đình, Hanoi Vietnam",21.036305399999996,105.82898610000001,Polygon Music Bar,21.029772552327774,105.82974967942928,Rock Club
23,"Ba Đình, Hanoi Vietnam",21.036305399999996,105.82898610000001,Nem Lụi Huế Ăn Là Like Ngõ Xưởng Phim,21.043065746153385,105.83437055635021,Satay Restaurant
24,"Ba Đình, Hanoi Vietnam",21.036305399999996,105.82898610000001,Trung Nguyen Coffee,21.03426370638457,105.833582894246,Coffee Shop
25,"Ba Đình, Hanoi Vietnam",21.036305399999996,105.82898610000001,Bảo Tàng Chiến Thắng B52 (B52 Victory Museum) (Bảo Tàng Chiến Thắng B52),21.035335152540995,105.82588613033295,History Museum
26,"Ba Đình, Hanoi Vietnam",21.036305399999996,105.82898610000001,Tầng Trệt Cosmo,21.032035901277002,105.83707627297017,Café
27,"Ba Đình, Hanoi Vietnam",21.036305399999996,105.82898610000001,Vélo Café,21.043388221438782,105.82354583440292,Coffee Shop
28,"Ba Đình, Hanoi Vietnam",21.036305399999996,105.82898610000001,Vườn Bách Thảo (Botanical Gardens) (Vườn Bách Thảo),21.04052872039869,105.8310106969198,Botanical Garden
29,"Ba Đình, Hanoi Vietnam",21.036305399999996,105.82898610000001,Quảng Trường Ba Đình,21.03670203792178,105.8356761932373,Plaza
30,"Ba Đình, Hanoi Vietnam",21.036305399999996,105.82898610000001,Fivimart,21.035946259179138,105.8194637939554,Supermarket
31,"Ba Đình, Hanoi Vietnam",21.036305399999996,105.82898610000001,Cutisun Restaurant 120 Hoàng Hoa Thám,21.04142057920197,105.8233127349312,Steakhouse
32,"Ba Đình, Hanoi Vietnam",21.036305399999996,105.82898610000001,Bảo Tàng Hồ Chí Minh (Ho Chi Minh Museum) (Bảo Tàng Hồ Chí Minh),21.03557201390834,105.83295593093685,History Museum
33,"Ba Đình, Hanoi Vietnam",21.036305399999996,105.82898610000001,Sân Vận Động Hàng Đẫy (Hang Day Stadium),21.02998446423921,105.83250714557579,Soccer Stadium
34,"Ba Đình, Hanoi Vietnam",21.036305399999996,105.82898610000001,Kaffeine Pub,21.04241556410119,105.82597597786707,Coffee Shop
35,"Ba Đình, Hanoi Vietnam",21.036305399999996,105.82898610000001,Maxx Cafe,21.043063114757324,105.8252387495636,Coffee Shop
36,"Ba Đình, Hanoi Vietnam",21.036305399999996,105.82898610000001,Bánh Xèo Nhật Bản Aozora,21.037148310193647,105.8294291208945,Japanese Restaurant
37,"Ba Đình, Hanoi Vietnam",21.036305399999996,105.82898610000001,The Coffee House 259 Kim Mã,21.031346478052477,105.82211144812099,Coffee Shop
38,"Ba Đình, Hanoi Vietnam",21.036305399999996,105.82898610000001,Ngầu Coffee,21.028116788071006,105.82623475564863,Coffee Shop
39,"Ba Đình, Hanoi Vietnam",21.036305399999996,105.82898610000001,The Camorra Beer Entertainment,21.02898122581967,105.82366623302795,Beer Bar
40,"Ba Đình, Hanoi Vietnam",21.036305399999996,105.82898610000001,Mint Bar @ Pullman Hanoi,21.029603114125095,105.82832743987758,Hotel Bar
41,"Ba Đình, Hanoi Vietnam",21.036305399999996,105.82898610000001,Viet cafe,21.03275656172786,105.82709312438965,Café
42,"Ba Đình, Hanoi Vietnam",21.036305399999996,105.82898610000001,An Nhiên CF,21.031746449725546,105.8372259112718,Venezuelan Restaurant
43,"Ba Đình, Hanoi Vietnam",21.036305399999996,105.82898610000001,The Locals,21.043172657948094,105.8250734271445,Bistro
44,"Ba Đình, Hanoi Vietnam",21.036305399999996,105.82898610000001,SpaghettiBox,21.030125049638237,105.82679076105691,Italian Restaurant
45,"Ba Đình, Hanoi Vietnam",21.036305399999996,105.82898610000001,La Cheminee,21.02973030629121,105.82831198694406,Restaurant
46,"Ba Đình, Hanoi Vietnam",21.036305399999996,105.82898610000001,Tim Coffee,21.043548442589664,105.82329930412891,Coffee Shop
47,"Ba Đình, Hanoi Vietnam",21.036305399999996,105.82898610000001,Like Cafe,21.031964331253434,105.83703735494586,Café
48,"Ba Đình, Hanoi Vietnam",21.036305399999996,105.82898610000001,Đại Cát Foot massage,21.0286077616256,105.82603982188108,Massage Studio
49,"Ba Đình, Hanoi Vietnam",21.036305399999996,105.82898610000001,Vọng Ba Lâu,21.04388406206784,105.8337226606382,Vietnamese Restaurant
50,"Ba Đình, Hanoi Vietnam",21.036305399999996,105.82898610000001,Lotteria,21.03114028833656,105.82164708433842,Fast Food Restaurant
51,"Cầu Giấy, Hanoi Vietnam",21.0363077,105.78607520000001,Pico Xuân Thuỷ,21.036322018967127,105.78520390072092,Shopping Mall
52,"Cầu Giấy, Hanoi Vietnam",21.0363077,105.78607520000001,CGV Cinemas Indochina Plaza Hanoi,21.036126014303104,105.78243242237413,Multiplex
53,"Cầu Giấy, Hanoi Vietnam",21.0363077,105.78607520000001,Công Viên Cầu Giấy (Yên Hoà),21.029338854197004,105.78991181952057,Park
54,"Cầu Giấy, Hanoi Vietnam",21.0363077,105.78607520000001,Novotel Suites Hanoi,21.030268997076913,105.78523084598066,Hotel
55,"Cầu Giấy, Hanoi Vietnam",21.0363077,105.78607520000001,An Biên Restaurant Đồng Bông Cầu Giấy,21.033298253247448,105.78857048421958,Fish & Chips Shop
56,"Cầu Giấy, Hanoi Vietnam",21.0363077,105.78607520000001,Elite Fitness Centre,21.036208477792577,105.78259727812349,Gym / Fitness Center
57,"Cầu Giấy, Hanoi Vietnam",21.0363077,105.78607520000001,Starbucks,21.0364880116238,105.78209446724811,Coffee Shop
58,"Cầu Giấy, Hanoi Vietnam",21.0363077,105.78607520000001,myway hotel,21.031733686320237,105.78198432568243,Hotel
59,"Cầu Giấy, Hanoi Vietnam",21.0363077,105.78607520000001,Bánh Giò Hồ Tây,21.04369438379695,105.79004939292395,Food Truck
60,"Cầu Giấy, Hanoi Vietnam",21.0363077,105.78607520000001,Indochina Plaza Hanoi,21.03610415341393,105.78253741282762,Shopping Mall
61,"Cầu Giấy, Hanoi Vietnam",21.0363077,105.78607520000001,Al Fresco's,21.03618197285184,105.78258338926994,Australian Restaurant
62,"Cầu Giấy, Hanoi Vietnam",21.0363077,105.78607520000001,Hoàng Bèo - Bánh Tráng Cuốn Thịt Heo,21.03066295341608,105.78496497747743,Vietnamese Restaurant
63,"Cầu Giấy, Hanoi Vietnam",21.0363077,105.78607520000001,Sushi Bar,21.036142582975625,105.78253675830149,Sushi Restaurant
64,"Cầu Giấy, Hanoi Vietnam",21.0363077,105.78607520000001,Twitter Beans Coffee,21.030655324299268,105.7847193475922,Coffee Shop
65,"Cầu Giấy, Hanoi Vietnam",21.0363077,105.78607520000001,Tous Les Jours,21.036324495218327,105.78272042275489,Bakery
66,"Cầu Giấy, Hanoi Vietnam",21.0363077,105.78607520000001,Diệp Hoa Trà,21.03583111586493,105.78907127365643,Tea Room
67,"Cầu Giấy, Hanoi Vietnam",21.0363077,105.78607520000001,Zpizza,21.03646774419752,105.78208429937814,Pizza Place
68,"Cầu Giấy, Hanoi Vietnam",21.0363077,105.78607520000001,Burger King,21.03615182243653,105.78253417424841,Fast Food Restaurant
69,"Cầu Giấy, Hanoi Vietnam",21.0363077,105.78607520000001,Gogi House,21.032781586695574,105.78873098536526,Korean Restaurant
70,"Cầu Giấy, Hanoi Vietnam",21.0363077,105.78607520000001,Hẻm Quán 96 Chùa Hà,21.039512078692482,105.7944345989459,Seafood Restaurant
71,"Cầu Giấy, Hanoi Vietnam",21.0363077,105.78607520000001,Mộc Quán 215 Tô Hiệu,21.041466408039017,105.79320814262016,Café
72,"Cầu Giấy, Hanoi Vietnam",21.0363077,105.78607520000001,Daruma,21.030444,105.78757,Japanese Restaurant
73,"Cầu Giấy, Hanoi Vietnam",21.0363077,105.78607520000001,37th Street Restaurant,21.03625976859733,105.78210937101628,Vietnamese Restaurant
74,"Cầu Giấy, Hanoi Vietnam",21.0363077,105.78607520000001,Pizza Hut,21.036169352877028,105.78249492932552,Pizza Place
75,"Cầu Giấy, Hanoi Vietnam",21.0363077,105.78607520000001,The Pizza Company,21.035578486566735,105.79222670424956,Pizza Place
76,"Cầu Giấy, Hanoi Vietnam",21.0363077,105.78607520000001,Yakiniku Sakura（焼肉 櫻）,21.032942682812887,105.78872679108784,Japanese Restaurant
77,"Cầu Giấy, Hanoi Vietnam",21.0363077,105.78607520000001,Matsuri,21.03608379262723,105.78238024935295,Japanese Restaurant
78,"Cầu Giấy, Hanoi Vietnam",21.0363077,105.78607520000001,Thịt Chó Kỳ Đồng (Phố Dịch Vọng Hậu),21.028752760695685,105.78567575541528,Vietnamese Restaurant
79,"Cầu Giấy, Hanoi Vietnam",21.0363077,105.78607520000001,Highway4,21.03264318610569,105.78865646695878,Vietnamese Restaurant
80,"Cầu Giấy, Hanoi Vietnam",21.0363077,105.78607520000001,Trịnh Ca,21.040927714478602,105.79281234717851,Café
81,"Cầu Giấy, Hanoi Vietnam",21.0363077,105.78607520000001,Highlands Coffee,21.03100612528492,105.78240004530235,Café
82,"Cầu Giấy, Hanoi Vietnam",21.0363077,105.78607520000001,Hat & Snack Rounds,21.040736325680896,105.78906918466568,Snack Place
83,"Cầu Giấy, Hanoi Vietnam",21.0363077,105.78607520000001,Highlands Coffee,21.036599612840266,105.78230531663378,Café
84,"Cầu Giấy, Hanoi Vietnam",21.0363077,105.78607520000001,Kichi Kichi 105 Trần Thái Tông,21.032045926318396,105.78858219500496,BBQ Joint
85,"Cầu Giấy, Hanoi Vietnam",21.0363077,105.78607520000001,Nhà Hàng Lào (Nhà Hàng Lào-Việt 59 Nguyễn Khánh Toàn),21.038059,105.795445,Thai Restaurant
86,"Cầu Giấy, Hanoi Vietnam",21.0363077,105.78607520000001,Dong Son Drum Restaurant,21.03568619114764,105.79340809184644,Vietnamese Restaurant
87,"Cầu Giấy, Hanoi Vietnam",21.0363077,105.78607520000001,Exyt Snack,21.038321,105.782407,Fast Food Restaurant
88,"Cầu Giấy, Hanoi Vietnam",21.0363077,105.78607520000001,Highlands Coffee,21.036459255366946,105.78223413491659,Coffee Shop
89,"Cầu Giấy, Hanoi Vietnam",21.0363077,105.78607520000001,KFC,21.035969552392853,105.79161039481008,Fast Food Restaurant
90,"Cầu Giấy, Hanoi Vietnam",21.0363077,105.78607520000001,New Wind Cafe,21.039886879898845,105.79486452671769,Coffee Shop
91,"Cầu Giấy, Hanoi Vietnam",21.0363077,105.78607520000001,C.A.P Studio,21.03552974736602,105.77985204286136,Dance Studio
92,"Cầu Giấy, Hanoi Vietnam",21.0363077,105.78607520000001,Nha Van Hoa Mai Dich,21.03538814929004,105.77974313660636,Stadium
93,"Cầu Giấy, Hanoi Vietnam",21.0363077,105.78607520000001,Napoli cafe,21.031001434497192,105.78261858420376,Café
94,"Cầu Giấy, Hanoi Vietnam",21.0363077,105.78607520000001,Mường Bi Chi nhánh Thọ Tháp,21.031145443317982,105.79072579698408,Tibetan Restaurant
95,"Cầu Giấy, Hanoi Vietnam",21.0363077,105.78607520000001,GimBap Sochu 39 Trần Đăng Ninh,21.036416130043875,105.79395308103115,Korean Restaurant
96,"Cầu Giấy, Hanoi Vietnam",21.0363077,105.78607520000001,Cafe Long,21.04057415,105.79257791666667,Café
97,"Cầu Giấy, Hanoi Vietnam",21.0363077,105.78607520000001,Ocean Mart,21.037695210593483,105.79406199568756,Department Store
98,"Cầu Giấy, Hanoi Vietnam",21.0363077,105.78607520000001,Trống Đồng Palace,21.038118644542422,105.79406199568756,Wedding Hall
99,"Cầu Giấy, Hanoi Vietnam",21.0363077,105.78607520000001,PHO 24,21.037441687541325,105.79431995170931,Vietnamese Restaurant
100,"Cầu Giấy, Hanoi Vietnam",21.0363077,105.78607520000001,Mộc Quán II,21.037570000000002,105.79432050000001,Café
101,"Cầu Giấy, Hanoi Vietnam",21.0363077,105.78607520000001,Bún bò giò heo Huế,21.037539984000247,105.79434953809191,Vietnamese Restaurant
102,"Cầu Giấy, Hanoi Vietnam",21.0363077,105.78607520000001,Bánh Cuốn Gia An,21.037517298964136,105.7943735196406,Vietnamese Restaurant
103,"Cầu Giấy, Hanoi Vietnam",21.0363077,105.78607520000001,Mediamart,21.031399384249028,105.77922153385778,Electronics Store
104,"Cầu Giấy, Hanoi Vietnam",21.0363077,105.78607520000001,Eresson Beer,21.02987249272989,105.77997207641602,Brewery
105,"Cầu Giấy, Hanoi Vietnam",21.0363077,105.78607520000001,Good morning Restaurant,21.0288710750352,105.78130615548314,Asian Restaurant
106,"Đống Đa, Hanoi Vietnam",21.0128913,105.8277098,Chè Nam Đồng,21.0121927656843,105.82862557763349,Dessert Shop
107,"Đống Đa, Hanoi Vietnam",21.0128913,105.8277098,T-Box,21.015075594258303,105.82724956121763,Movie Theater
108,"Đống Đa, Hanoi Vietnam",21.0128913,105.8277098,Nhất Ly,21.010457293170692,105.82510903106686,Hotpot Restaurant
109,"Đống Đa, Hanoi Vietnam",21.0128913,105.8277098,Gò Đống Đa (Dong Da Mound) (Gò Đống Đa),21.01211621371372,105.8244001865387,Park
110,"Đống Đa, Hanoi Vietnam",21.0128913,105.8277098,Nui xào Kim Liên,21.01060945751808,105.83176752002028,Vietnamese Restaurant
111,"Đống Đa, Hanoi Vietnam",21.0128913,105.8277098,The Coffee House 68 Hoàng Cầu,21.0160736205186,105.82115175561668,Coffee Shop
112,"Đống Đa, Hanoi Vietnam",21.0128913,105.8277098,BHD Star Cineplex Vincom Phạm Ngọc Thạch,21.006540792883076,105.831992307879,Movie Theater
113,"Đống Đa, Hanoi Vietnam",21.0128913,105.8277098,Starbucks Coffee Vincom Center Phạm Ngọc Thạch,21.0063936209328,105.83163753936108,Coffee Shop
114,"Đống Đa, Hanoi Vietnam",21.0128913,105.8277098,Holyland Rock Bar,21.011355211173445,105.83219375040116,Rock Club
115,"Đống Đa, Hanoi Vietnam",21.0128913,105.8277098,Miến Lươn Đồng,21.01046301941692,105.822526334829,Noodle House
116,"Đống Đa, Hanoi Vietnam",21.0128913,105.8277098,CGV Cinemas MIPEC Tower,21.005394388454484,105.8239403599812,Multiplex
117,"Đống Đa, Hanoi Vietnam",21.0128913,105.8277098,Cộng Càphê Hoàng Cầu,21.016430891594737,105.82267531105707,Coffee Shop
118,"Đống Đa, Hanoi Vietnam",21.0128913,105.8277098,Nhà Sách FAHASA,21.013764492124764,105.83462551063805,Bookstore
119,"Đống Đa, Hanoi Vietnam",21.0128913,105.8277098,1946,21.018830235243772,105.82189906382318,Vietnamese Restaurant
120,"Đống Đa, Hanoi Vietnam",21.0128913,105.8277098,Vườn Hoa 1 Tháng 6,21.016741208269337,105.82719665975878,Garden
121,"Đống Đa, Hanoi Vietnam",21.0128913,105.8277098,Bánh Mì Chảo Thái Thịnh,21.007159177583016,105.82118426414988,Sandwich Place
122,"Đống Đa, Hanoi Vietnam",21.0128913,105.8277098,Urban Station Coffee,21.006741,105.83171499999999,Café
123,"Đống Đa, Hanoi Vietnam",21.0128913,105.8277098,Cowboy Jack's,21.0058439809505,105.82320757201764,Pizza Place
124,"Đống Đa, Hanoi Vietnam",21.0128913,105.8277098,Toast 'n Tea,21.019907565733156,105.825500665702,Tea Room
125,"Đống Đa, Hanoi Vietnam",21.0128913,105.8277098,Chao Cafe,21.00993865005811,105.82304130769155,Coffee Shop
126,"Đống Đa, Hanoi Vietnam",21.0128913,105.8277098,Unimart,21.007561099448328,105.83313907864188,Supermarket
127,"Đống Đa, Hanoi Vietnam",21.0128913,105.8277098,Bánh Canh Ghẹ 69,21.01917774423804,105.82863704447985,Seafood Restaurant
128,"Đống Đa, Hanoi Vietnam",21.0128913,105.8277098,La Gente Coffee Take Away,21.010945598884863,105.83088011164305,Arepa Restaurant
129,"Đống Đa, Hanoi Vietnam",21.0128913,105.8277098,Hẻm Quán - Hồ Hoàng Cầu,21.016014000000002,105.820719,Vietnamese Restaurant
130,"Đống Đa, Hanoi Vietnam",21.0128913,105.8277098,Lotteria,21.011264238399146,105.83693856038299,Fast Food Restaurant
131,"Đống Đa, Hanoi Vietnam",21.0128913,105.8277098,Cộng Càphê 08 Thái Hà,21.009967125781873,105.82313520717165,Coffee Shop
132,"Đống Đa, Hanoi Vietnam",21.0128913,105.8277098,Vincom Phạm Ngọc Thạch,21.006355540956164,105.83182711455405,Shopping Mall
133,"Đống Đa, Hanoi Vietnam",21.0128913,105.8277098,Sunny Royal,21.015218,105.83311599999999,Karaoke Bar
134,"Đống Đa, Hanoi Vietnam",21.0128913,105.8277098,Hưng Ốc,21.007831685120053,105.83416988044569,Seafood Restaurant
135,"Đống Đa, Hanoi Vietnam",21.0128913,105.8277098,Lollybooks Cafe,21.012559902923904,105.8185134110104,Café
136,"Đống Đa, Hanoi Vietnam",21.0128913,105.8277098,Twitter Beans,21.00544110713313,105.82317833243299,Coffee Shop
137,"Đống Đa, Hanoi Vietnam",21.0128913,105.8277098,Quốc Lộ 1 Cafe,21.019508287018045,105.82720942755863,Café
138,"Đống Đa, Hanoi Vietnam",21.0128913,105.8277098,Parkson Food Court,21.009366017041014,105.82415439996099,Food Court
139,"Đống Đa, Hanoi Vietnam",21.0128913,105.8277098,Tre Coffee,21.016043265334197,105.82113214512968,Café
140,"Đống Đa, Hanoi Vietnam",21.0128913,105.8277098,Tropical Forest CF,21.008432,105.82104299999999,Bulgarian Restaurant
141,"Đống Đa, Hanoi Vietnam",21.0128913,105.8277098,Lotteria,21.019110308345216,105.82474730909395,Fast Food Restaurant
142,"Đống Đa, Hanoi Vietnam",21.0128913,105.8277098,Swensen's Lotteria Tây Sơn,21.0054252561116,105.8235303675044,Ice Cream Shop
143,"Đống Đa, Hanoi Vietnam",21.0128913,105.8277098,Ngã Tư Thái Hà/Chùa Bộc/Tây Sơn,21.009405738507038,105.82414209502527,Intersection
144,"Đống Đa, Hanoi Vietnam",21.0128913,105.8277098,FPT Buildings,21.015210945787448,105.8335304260254,Building
145,"Đống Đa, Hanoi Vietnam",21.0128913,105.8277098,Peem Ice Cream,21.016943567096348,105.8313524723053,Ice Cream Shop
146,"Đống Đa, Hanoi Vietnam",21.0128913,105.8277098,KFC,21.006657551037584,105.82307914714394,Fast Food Restaurant
147,"Đống Đa, Hanoi Vietnam",21.0128913,105.8277098,Ô Chợ Dừa,21.01927022874804,105.83026534385105,Intersection
148,"Đống Đa, Hanoi Vietnam",21.0128913,105.8277098,Cộng Cafe Phạm Ngọc Thạch,21.008895461954342,105.83455975509486,Cafeteria
149,"Đống Đa, Hanoi Vietnam",21.0128913,105.8277098,Lotte Mart Tây Sơn,21.005418923160594,105.82351907510972,Supermarket
150,"Đống Đa, Hanoi Vietnam",21.0128913,105.8277098,Châu Giang Restaurant,21.005274411078858,105.82448035911527,Chinese Restaurant
151,"Đống Đa, Hanoi Vietnam",21.0128913,105.8277098,KFC,21.005488096919304,105.82355156766899,Fast Food Restaurant
152,"Đống Đa, Hanoi Vietnam",21.0128913,105.8277098,Cafe Mobile,21.00836753845215,105.8201675415039,Café
153,"Đống Đa, Hanoi Vietnam",21.0128913,105.8277098,Maxx Cafe,21.0088786461404,105.81980778265907,Café
154,"Đống Đa, Hanoi Vietnam",21.0128913,105.8277098,Hiệu Sách Tiền Phong,21.005804638258507,105.82276611186673,Bookstore
155,"Đống Đa, Hanoi Vietnam",21.0128913,105.8277098,Hotto Restaurant (Lottemart Đống Đa),21.00547425807744,105.82318463899686,Asian Restaurant
156,"Đống Đa, Hanoi Vietnam",21.0128913,105.8277098,Cửa Hàng Tự Chọn B11 Kim Liên,21.00741528037788,105.83509872502405,Convenience Store
157,"Hai Bà Trưng, Hanoi Vietnam",21.0059701,105.8574845,Botanica Cafe&Resto,21.010568105417377,105.8512505805698,French Restaurant
158,"Hai Bà Trưng, Hanoi Vietnam",21.0059701,105.8574845,Vintage 1976,21.01165720645693,105.8508241875088,Coffee Shop
159,"Hai Bà Trưng, Hanoi Vietnam",21.0059701,105.8574845,Passio,21.009898823676785,105.84902714626284,Coffee Shop
160,"Hai Bà Trưng, Hanoi Vietnam",21.0059701,105.8574845,Nấm Việt,21.00958439184856,105.86093048857387,Hotpot Restaurant
161,"Hai Bà Trưng, Hanoi Vietnam",21.0059701,105.8574845,Ding Tea,21.00998910432488,105.849820097614,Bubble Tea Shop
162,"Hai Bà Trưng, Hanoi Vietnam",21.0059701,105.8574845,UMA,21.010730771584253,105.85985094125844,Furniture / Home Store
163,"Hai Bà Trưng, Hanoi Vietnam",21.0059701,105.8574845,AHA Cafe Võ Thị Sáu,21.003566418575875,105.85503559986206,Coffee Shop
164,"Hai Bà Trưng, Hanoi Vietnam",21.0059701,105.8574845,Twitter Beans Coffee,21.01079178279412,105.85037372351309,Coffee Shop
165,"Hai Bà Trưng, Hanoi Vietnam",21.0059701,105.8574845,Thai Express,21.011144615081683,105.84993237805556,Thai Restaurant
166,"Hai Bà Trưng, Hanoi Vietnam",21.0059701,105.8574845,Cơm Tấm Sài Gòn,21.001196570034637,105.84959371468588,Vietnamese Restaurant
167,"Hai Bà Trưng, Hanoi Vietnam",21.0059701,105.8574845,Kampong Chicken House,21.01470024257164,105.85711247589072,Hainan Restaurant
168,"Hai Bà Trưng, Hanoi Vietnam",21.0059701,105.8574845,Lotteria,21.008775422326018,105.85072770858223,Fast Food Restaurant
169,"Hai Bà Trưng, Hanoi Vietnam",21.0059701,105.8574845,Top Shop-Top Man,21.011676180340945,105.85078657870531,Men's Store
170,"Hai Bà Trưng, Hanoi Vietnam",21.0059701,105.8574845,Bếp Mường,21.009005460650638,105.84981751727,Vietnamese Restaurant
171,"Hai Bà Trưng, Hanoi Vietnam",21.0059701,105.8574845,Highlands Coffee,21.01117,105.85082,Café
172,"Hai Bà Trưng, Hanoi Vietnam",21.0059701,105.8574845,Bún chả Bình Chung CS 1 299 Bạch Mai,21.002179417487145,105.85084391977658,Halal Restaurant
173,"Hai Bà Trưng, Hanoi Vietnam",21.0059701,105.8574845,Cafe Bờm,21.001955836278373,105.84939727497938,Café
174,"Hai Bà Trưng, Hanoi Vietnam",21.0059701,105.8574845,Saint Honore 31 Thái Phiên,21.01096092776464,105.8498559550307,Bakery
175,"Hai Bà Trưng, Hanoi Vietnam",21.0059701,105.8574845,Honda Hồng Hạnh,21.01251797785369,105.85172124036696,Motorcycle Shop
176,"Hà Đông, Hanoi Vietnam",20.9524428,105.7609551,Camera An Toàn,20.953446,105.76631299999998,Camera Store
177,"Hà Đông, Hanoi Vietnam",20.9524428,105.7609551,Làng Phú La,20.957604,105.761847,Bath House
178,"Hà Đông, Hanoi Vietnam",20.9524428,105.7609551,Chợ Văn La,20.958942999999998,105.76217,Market
179,"Hà Đông, Hanoi Vietnam",20.9524428,105.7609551,Passion CF Old Cars 36 Ngõ 560 Quang Trung Hà Đông,20.960089,105.761192,Middle Eastern Restaurant
180,"Hoàn Kiếm, Hanoi Vietnam",21.0289343,105.8522605,Apricot Boutique Hotel,21.028238832437747,105.85105526274937,Hotel
181,"Hoàn Kiếm, Hanoi Vietnam",21.0289343,105.8522605,Starbucks Reserve Nhà Thờ,21.029161655333702,105.850221516776,Coffee Shop
182,"Hoàn Kiếm, Hanoi Vietnam",21.0289343,105.8522605,Bánh Cuốn 14 Bảo Khánh,21.030196250575226,105.85063217682129,Vietnamese Restaurant
183,"Hoàn Kiếm, Hanoi Vietnam",21.0289343,105.8522605,Pizza 4P's,21.029745515328933,105.8489556949078,Pizza Place
184,"Hoàn Kiếm, Hanoi Vietnam",21.0289343,105.8522605,Orchids Spa,21.029434372603568,105.85043352193128,Spa
185,"Hoàn Kiếm, Hanoi Vietnam",21.0289343,105.8522605,Dream Beans Coffee,21.029088,105.848596,Coffee Shop
186,"Hoàn Kiếm, Hanoi Vietnam",21.0289343,105.8522605,Hanoi La Selva Hotel,21.031373642919906,105.85488627900844,Hotel
187,"Hoàn Kiếm, Hanoi Vietnam",21.0289343,105.8522605,Pasteur Street Brewing Company,21.028581804168653,105.84839392356302,Brewery
188,"Hoàn Kiếm, Hanoi Vietnam",21.0289343,105.8522605,Duong's Restaurant - Cooking Class (Duong's Restaurant & Cooking Class),21.029490084155047,105.84857202703137,Bistro
189,"Hoàn Kiếm, Hanoi Vietnam",21.0289343,105.8522605,Nexy Hostel,21.032704860346467,105.85004701166261,Hostel
190,"Hoàn Kiếm, Hanoi Vietnam",21.0289343,105.8522605,Cộng Càphê,21.028926487377728,105.84945962120231,Coffee Shop
191,"Hoàn Kiếm, Hanoi Vietnam",21.0289343,105.8522605,The Note Coffee,21.03158263329444,105.85117480631958,Coffee Shop
192,"Hoàn Kiếm, Hanoi Vietnam",21.0289343,105.8522605,Pizza 4P,21.025140616559554,105.85443801801595,Italian Restaurant
193,"Hoàn Kiếm, Hanoi Vietnam",21.0289343,105.8522605,Tired City,21.030853,105.850249,Arts & Crafts Store
194,"Hoàn Kiếm, Hanoi Vietnam",21.0289343,105.8522605,Sofitel Legend Metropole Hanoi,21.025412493477532,105.85637498245524,Hotel
195,"Hoàn Kiếm, Hanoi Vietnam",21.0289343,105.8522605,Bánh Cuốn Bà Hanh,21.02902877930419,105.84875623159081,Vietnamese Restaurant
196,"Hoàn Kiếm, Hanoi Vietnam",21.0289343,105.8522605,Hoa 10 giờ Floral & Book Café,21.03067727406127,105.85614351560169,Café
197,"Hoàn Kiếm, Hanoi Vietnam",21.0289343,105.8522605,Twilight Sky Bar Rooftop,21.032013,105.85353500000001,Cocktail Bar
198,"Hoàn Kiếm, Hanoi Vietnam",21.0289343,105.8522605,Nhạc Cafe - Music Cafe,21.032465301217872,105.85528495452931,Coffee Shop
199,"Hoàn Kiếm, Hanoi Vietnam",21.0289343,105.8522605,Pizza 4P,21.031032,105.85016599999999,Pizza Place
200,"Hoàn Kiếm, Hanoi Vietnam",21.0289343,105.8522605,Hanoi Meracus Hotel 2,21.030781482094373,105.84932438735031,Hotel
201,"Hoàn Kiếm, Hanoi Vietnam",21.0289343,105.8522605,Aquarius Legend Hotel,21.032324576093405,105.85445702023813,Hotel
202,"Hoàn Kiếm, Hanoi Vietnam",21.0289343,105.8522605,The Gourmet Corner,21.03158075227413,105.85505976059513,Vietnamese Restaurant
203,"Hoàn Kiếm, Hanoi Vietnam",21.0289343,105.8522605,Blackbird Coffee,21.03042380834137,105.84853384380943,Coffee Shop
204,"Hoàn Kiếm, Hanoi Vietnam",21.0289343,105.8522605,Orchid Cooking Class & Restaurant,21.03387409476221,105.85327009871664,Vietnamese Restaurant
205,"Hoàn Kiếm, Hanoi Vietnam",21.0289343,105.8522605,HM Boutique Hotel,21.032035386514433,105.8539116928081,Hotel
206,"Hoàn Kiếm, Hanoi Vietnam",21.0289343,105.8522605,La Siesta Hotel,21.034274574652493,105.85335095302341,Hotel
207,"Hoàn Kiếm, Hanoi Vietnam",21.0289343,105.8522605,Cafe Đinh,21.031881841159436,105.85216300844105,Coffee Shop
208,"Hoàn Kiếm, Hanoi Vietnam",21.0289343,105.8522605,Cong Caphe,21.032112550950114,105.85152702721994,Café
209,"Hoàn Kiếm, Hanoi Vietnam",21.0289343,105.8522605,Circle coffee - Bar,21.03234097883871,105.84922134876251,Coffee Shop
210,"Hoàn Kiếm, Hanoi Vietnam",21.0289343,105.8522605,Hanoi Emerald Waters Hotel,21.031285634458264,105.8551529828923,Hotel
211,"Hoàn Kiếm, Hanoi Vietnam",21.0289343,105.8522605,haka Coffee,21.03096138252365,105.8537311901916,Café
212,"Hoàn Kiếm, Hanoi Vietnam",21.0289343,105.8522605,Swensen's,21.032764999999998,105.85381000000001,Ice Cream Shop
213,"Hoàn Kiếm, Hanoi Vietnam",21.0289343,105.8522605,Hanoi Meracus Hotel 1,21.03187607030963,105.85390133270704,Hotel
214,"Hoàn Kiếm, Hanoi Vietnam",21.0289343,105.8522605,Bánh xèo Zòn,21.03140298452156,105.85566063273629,Vietnamese Restaurant
215,"Hoàn Kiếm, Hanoi Vietnam",21.0289343,105.8522605,Bamboo Bar,21.025566313350485,105.85595756418428,Hotel Bar
216,"Hoàn Kiếm, Hanoi Vietnam",21.0289343,105.8522605,Bancông,21.033688,105.85195,Cafeteria
217,"Hoàn Kiếm, Hanoi Vietnam",21.0289343,105.8522605,Duong's 2 Restaurant & Cooking Class,21.03410844985524,105.85349678993224,Vietnamese Restaurant
218,"Hoàn Kiếm, Hanoi Vietnam",21.0289343,105.8522605,Jalus,21.0306043426542,105.84965123263584,Vegetarian / Vegan Restaurant
219,"Hoàn Kiếm, Hanoi Vietnam",21.0289343,105.8522605,Opera Club Novel,21.024659540958762,105.85629140198057,Vietnamese Restaurant
220,"Hoàn Kiếm, Hanoi Vietnam",21.0289343,105.8522605,Polite Pub,21.030634296731304,105.85034209830715,Pub
221,"Hoàn Kiếm, Hanoi Vietnam",21.0289343,105.8522605,Cafe Giảng,21.0335367825251,105.85469511602892,Coffee Shop
222,"Hoàn Kiếm, Hanoi Vietnam",21.0289343,105.8522605,L'Espace - Institut Français de Hanoï (Trung Tâm Văn Hóa Pháp tại Hà Nội),21.024668255998094,105.85583180164282,Cultural Center
223,"Hoàn Kiếm, Hanoi Vietnam",21.0289343,105.8522605,SF Spa,21.032874627878076,105.85305553988644,Spa
224,"Hoàn Kiếm, Hanoi Vietnam",21.0289343,105.8522605,El Gaucho,21.024578871640013,105.85647483858185,Steakhouse
225,"Hoàn Kiếm, Hanoi Vietnam",21.0289343,105.8522605,Hanoi House Cafe,21.029060736210727,105.84936590079792,Café
226,"Hoàn Kiếm, Hanoi Vietnam",21.0289343,105.8522605,Essence Hanoi Hotel,21.034531758270944,105.8520800984123,Hotel
227,"Hoàn Kiếm, Hanoi Vietnam",21.0289343,105.8522605,Bun Cha Ta,21.0343734206428,105.85438231929285,Noodle House
228,"Hoàn Kiếm, Hanoi Vietnam",21.0289343,105.8522605,Cộng Càphê,21.035165532594913,105.85339504969654,Coffee Shop
229,"Hoàn Kiếm, Hanoi Vietnam",21.0289343,105.8522605,The Hanoi Social Club,21.02900326706332,105.84602554498264,Café
230,"Hoàn Kiếm, Hanoi Vietnam",21.0289343,105.8522605,Oriental Suites Hotel,21.033066435225944,105.85077912438508,Hotel
231,"Hoàn Kiếm, Hanoi Vietnam",21.0289343,105.8522605,Bami Bread (Bánh Mì Bami),21.03407173373621,105.85132062260529,Sandwich Place
232,"Hoàn Kiếm, Hanoi Vietnam",21.0289343,105.8522605,Vạn Xuân,21.030359107807072,105.8489012744794,Spa
233,"Hoàn Kiếm, Hanoi Vietnam",21.0289343,105.8522605,Hotel de L'Opera,21.024572388002763,105.85575375468737,Hotel
234,"Hoàn Kiếm, Hanoi Vietnam",21.0289343,105.8522605,Bún Chả Hàng Quạt,21.03252244780305,105.84880683906465,Noodle House
235,"Hoàn Kiếm, Hanoi Vietnam",21.0289343,105.8522605,Gia Ngu Restaurant,21.033028964069842,105.85270448677902,Vietnamese Restaurant
236,"Hoàn Kiếm, Hanoi Vietnam",21.0289343,105.8522605,Bún Bò Nam Bộ Hàng Điếu,21.0322172068052,105.84682783669331,Noodle House
237,"Hoàn Kiếm, Hanoi Vietnam",21.0289343,105.8522605,Mint Cafe Hanoi,21.028968,105.84851,Coffee Shop
238,"Hoàn Kiếm, Hanoi Vietnam",21.0289343,105.8522605,Hotel La Siesta Trendy,21.032244442662684,105.84572722903731,Hotel
239,"Hoàn Kiếm, Hanoi Vietnam",21.0289343,105.8522605,Essence Cafe,21.03448286664465,105.8520233890893,Vietnamese Restaurant
240,"Hoàn Kiếm, Hanoi Vietnam",21.0289343,105.8522605,Redbean,21.03428969064932,105.85332786697315,Vietnamese Restaurant
241,"Hoàn Kiếm, Hanoi Vietnam",21.0289343,105.8522605,Golden Sun Suites,21.032651558788753,105.8492880993887,Hotel
242,"Hoàn Kiếm, Hanoi Vietnam",21.0289343,105.8522605,Le Beaulieu,21.026040691298235,105.85563667039172,French Restaurant
243,"Hoàn Kiếm, Hanoi Vietnam",21.0289343,105.8522605,Phở 10 Lý Quốc Sư,21.030589267635,105.84875686592855,Noodle House
244,"Hoàn Kiếm, Hanoi Vietnam",21.0289343,105.8522605,Blue Butterfly,21.034723,105.853485,Vietnamese Restaurant
245,"Hoàn Kiếm, Hanoi Vietnam",21.0289343,105.8522605,Coffee & Chill Station,21.032355,105.85354,Coffee Shop
246,"Hoàn Kiếm, Hanoi Vietnam",21.0289343,105.8522605,Wine & Cigar Lounge 1973,21.023997,105.850994,Wine Bar
247,"Hoàn Kiếm, Hanoi Vietnam",21.0289343,105.8522605,Little Hanoi Diamond,21.033679079461404,105.84761557443235,Hotel
248,"Hoàn Kiếm, Hanoi Vietnam",21.0289343,105.8522605,Elegance 3 Hotel Hanoi,21.029908827845304,105.84611360138071,Hotel
249,"Hoàn Kiếm, Hanoi Vietnam",21.0289343,105.8522605,Apron Up Restaurant,21.034023385529952,105.84730355130381,Vietnamese Restaurant
250,"Hoàn Kiếm, Hanoi Vietnam",21.0289343,105.8522605,Nola Café,21.03439002997214,105.85359437871529,Café
251,"Hoàn Kiếm, Hanoi Vietnam",21.0289343,105.8522605,La Feé Verte,21.02446,105.85564199999999,Lounge
252,"Hoàn Kiếm, Hanoi Vietnam",21.0289343,105.8522605,S' Patisserie,21.025779404706842,105.85257658528204,Café
253,"Hoàn Kiếm, Hanoi Vietnam",21.0289343,105.8522605,Hidden Gem Coffee,21.03376,105.85513999999999,Coffee Shop
254,"Hoàn Kiếm, Hanoi Vietnam",21.0289343,105.8522605,La Terrasse @ Sofitel Metropole Hotel,21.02606595852304,105.85558270328687,Hotel Bar
255,"Hoàn Kiếm, Hanoi Vietnam",21.0289343,105.8522605,Golden Sun Palace,21.032718302495134,105.84927980966282,Hotel
256,"Hoàn Kiếm, Hanoi Vietnam",21.0289343,105.8522605,Cava Lounge at Melia Hanoi,21.024161825227914,105.84826032852695,Lounge
257,"Hoàn Kiếm, Hanoi Vietnam",21.0289343,105.8522605,Hong Hoai Restaurant,21.033757,105.847427,Asian Restaurant
258,"Hoàn Kiếm, Hanoi Vietnam",21.0289343,105.8522605,Gấu Coffee Roaster,21.03294,105.853874,Coffee Shop
259,"Hoàn Kiếm, Hanoi Vietnam",21.0289343,105.8522605,Kem Tràng Tiền,21.025054820463218,105.85473725595985,Ice Cream Shop
260,"Hoàn Kiếm, Hanoi Vietnam",21.0289343,105.8522605,Chops,21.0337914231613,105.85363924942465,Burger Joint
261,"Hoàn Kiếm, Hanoi Vietnam",21.0289343,105.8522605,Spas Hanoi,21.031893,105.84818999999999,Massage Studio
262,"Hoàn Kiếm, Hanoi Vietnam",21.0289343,105.8522605,chè 95 hàng Bạc,21.0339296821842,105.85212585983449,Dessert Shop
263,"Hoàn Kiếm, Hanoi Vietnam",21.0289343,105.8522605,Starbucks,21.02271631921548,105.85251524499084,Coffee Shop
264,"Hoàn Kiếm, Hanoi Vietnam",21.0289343,105.8522605,Bia Hơi Corner,21.034644563870245,105.85212960953504,Beer Garden
265,"Hoàn Kiếm, Hanoi Vietnam",21.0289343,105.8522605,Oriental Central Hotel,21.033800843604507,105.8530847197448,Hotel
266,"Hoàn Kiếm, Hanoi Vietnam",21.0289343,105.8522605,Maison Marou Hanoi,21.021911688286426,105.8498236461213,Chocolate Shop
267,"Hoàn Kiếm, Hanoi Vietnam",21.0289343,105.8522605,Gecko,21.033878334200946,105.85231555772663,Vietnamese Restaurant
268,"Hoàn Kiếm, Hanoi Vietnam",21.0289343,105.8522605,Bánh Canh Ghẹ Út Còi,21.026873593609857,105.85026619438551,Noodle House
269,"Hoàn Kiếm, Hanoi Vietnam",21.0289343,105.8522605,Spices Garden,21.0255368797196,105.85601574980056,Vietnamese Restaurant
270,"Hoàn Kiếm, Hanoi Vietnam",21.0289343,105.8522605,L's Place,21.024494686462056,105.84652874849206,Supermarket
271,"Hoàn Kiếm, Hanoi Vietnam",21.0289343,105.8522605,Bánh Mì 25,21.036167027659648,105.84868709483459,Sandwich Place
272,"Hoàn Kiếm, Hanoi Vietnam",21.0289343,105.8522605,Bún Cầu Gỗ,21.03214406008163,105.85319252966292,Noodle House
273,"Hoàn Kiếm, Hanoi Vietnam",21.0289343,105.8522605,Ưu Đàm Chay,21.022366079105147,105.85248678400116,Vegetarian / Vegan Restaurant
274,"Hoàn Kiếm, Hanoi Vietnam",21.0289343,105.8522605,VietView Hotel,21.03151839803868,105.85523546815521,Hotel
275,"Hoàn Kiếm, Hanoi Vietnam",21.0289343,105.8522605,Bún dọc mùng Bát Đàn,21.03376943380801,105.84752149832208,Noodle House
276,"Hoàn Kiếm, Hanoi Vietnam",21.0289343,105.8522605,The Moose & Roo Smokehouse,21.023547854914796,105.8540148213077,BBQ Joint
277,"Hoàn Kiếm, Hanoi Vietnam",21.0289343,105.8522605,Cai Mam Authentic Vietnamese Cuisine Restaurant in Hanoi (Cái Mâm Authentic Vietnamese Restaurant Hanoi),21.03382805925181,105.8501011133194,Vietnamese Restaurant
278,"Hoàn Kiếm, Hanoi Vietnam",21.0289343,105.8522605,Bún Bò Huế O Xuân - Cơ Sở 2,21.024334801226157,105.84938926720842,Noodle House
279,"Hoàn Kiếm, Hanoi Vietnam",21.0289343,105.8522605,Meliã,21.024133037349955,105.84828427251878,Hotel
280,"Hoàng Mai, Hanoi Vietnam",20.974597699999997,105.86370670000001,Metro,20.969353103514386,105.86659536040592,Grocery Store
281,"Long Biên, Hanoi Vietnam",21.0393411,105.8922453,Long Bien Golf,21.03817736155976,105.8944302357985,Golf Course
282,"Long Biên, Hanoi Vietnam",21.0393411,105.8922453,Sân Bay Gia Lâm (Gia Lam Airport),21.040967841318324,105.88648796081543,Airport Terminal
283,"Long Biên, Hanoi Vietnam",21.0393411,105.8922453,Lẩu Dê Tuấn Hằng,21.044135691106273,105.89595959351657,Hotpot Restaurant
284,"Long Biên, Hanoi Vietnam",21.0393411,105.8922453,Nhà hàng gà Đảo Sen,21.043942,105.884945,Vietnamese Restaurant
285,"Long Biên, Hanoi Vietnam",21.0393411,105.8922453,Gia Lam Heliport,21.047584694143747,105.89154331755377,Heliport
286,"Nam Từ Liêm, Hanoi Vietnam",21.0128458,105.76087450000001,Sân Vận Động Quốc Gia Mỹ Đình (My Dinh National Stadium),21.02078385469796,105.76513308768222,Stadium
287,"Nam Từ Liêm, Hanoi Vietnam",21.0128458,105.76087450000001,GB Golf,21.018376126792894,105.76360279673064,Golf Course
288,"Nam Từ Liêm, Hanoi Vietnam",21.0128458,105.76087450000001,Hoàng Hạo Cafe,21.01514499621393,105.76854333252452,Café
289,"Nam Từ Liêm, Hanoi Vietnam",21.0128458,105.76087450000001,Làng Bún Phú Đô,21.01128638346006,105.76955208935854,Farm
290,"Tây Hồ, Hanoi Vietnam",21.0709066,105.8213409,Cousins,21.07018104812791,105.82288354762986,Modern European Restaurant
291,"Tây Hồ, Hanoi Vietnam",21.0709066,105.8213409,Gelato Italia - Italian Artisan Gelato,21.068557063621906,105.82424288392544,Ice Cream Shop
292,"Tây Hồ, Hanoi Vietnam",21.0709066,105.8213409,O'DOUCEURS French Pastry & Bakery Coffee House,21.070385,105.823232,Pastry Shop
293,"Tây Hồ, Hanoi Vietnam",21.0709066,105.8213409,Hanoi Rock City,21.069769417849308,105.82349372989285,Rock Club
294,"Tây Hồ, Hanoi Vietnam",21.0709066,105.8213409,Diamond Westlake Suites,21.067535999999997,105.82014699999999,Hotel
295,"Tây Hồ, Hanoi Vietnam",21.0709066,105.8213409,ClickSpace Coworking + Spacebar Cafe,21.069027235979128,105.82278574724371,Café
296,"Tây Hồ, Hanoi Vietnam",21.0709066,105.8213409,Anita's Cantina,21.065331,105.8223,Mexican Restaurant
297,"Tây Hồ, Hanoi Vietnam",21.0709066,105.8213409,El Gaucho Argentinian Steakhouse,21.068221113631807,105.82611435536691,Steakhouse
298,"Tây Hồ, Hanoi Vietnam",21.0709066,105.8213409,Будьмо (Bud'mo) Restaurant,21.068007357877327,105.82279324184543,Ukrainian Restaurant
299,"Tây Hồ, Hanoi Vietnam",21.0709066,105.8213409,Starbucks,21.066735307636954,105.82633861751236,Coffee Shop
300,"Tây Hồ, Hanoi Vietnam",21.0709066,105.8213409,Phở 3 Chị Em,21.068842758696345,105.82417488098145,Noodle House
301,"Tây Hồ, Hanoi Vietnam",21.0709066,105.8213409,Thung lũng hoa hồ Tây,21.0738174880917,105.82016323832373,Garden
302,"Tây Hồ, Hanoi Vietnam",21.0709066,105.8213409,Sushi Dokoro,21.06812631906851,105.82598547628085,Sushi Restaurant
303,"Tây Hồ, Hanoi Vietnam",21.0709066,105.8213409,Bun Ca,21.068447818419443,105.82374649882141,Noodle House
304,"Tây Hồ, Hanoi Vietnam",21.0709066,105.8213409,Daluva Wine | Tapas | Events,21.068679185434398,105.8242890620339,Wine Bar
305,"Tây Hồ, Hanoi Vietnam",21.0709066,105.8213409,Furbrew Beer Bar,21.06912308335471,105.82415342330931,Beer Bar
306,"Tây Hồ, Hanoi Vietnam",21.0709066,105.8213409,May Taste,21.06291961669922,105.82453155517578,Asian Restaurant
307,"Tây Hồ, Hanoi Vietnam",21.0709066,105.8213409,Công Viên Nườc Hồ Tây (Ho Tay Water Park),21.07448108954473,105.81620166616487,Water Park
308,"Tây Hồ, Hanoi Vietnam",21.0709066,105.8213409,Cugini,21.067989,105.82246200000002,Italian Restaurant
309,"Tây Hồ, Hanoi Vietnam",21.0709066,105.8213409,Pizza Belga,21.066443,105.82755,Pizza Place
310,"Tây Hồ, Hanoi Vietnam",21.0709066,105.8213409,Phương Nguyên Restaurant,21.07081301351468,105.82237885785536,Vietnamese Restaurant
311,"Tây Hồ, Hanoi Vietnam",21.0709066,105.8213409,Sen Tây Hồ,21.074335,105.81521599999999,Pastry Shop
312,"Tây Hồ, Hanoi Vietnam",21.0709066,105.8213409,Hachi ju-hachi shouten Hanoi 八十八商店,21.06640881925781,105.82656442352527,Japanese Restaurant
313,"Tây Hồ, Hanoi Vietnam",21.0709066,105.8213409,Joma Bakery Café,21.068618824638246,105.82397170907015,Café
314,"Tây Hồ, Hanoi Vietnam",21.0709066,105.8213409,Docker's Pub,21.07072316212074,105.82229025340077,Lounge
315,"Tây Hồ, Hanoi Vietnam",21.0709066,105.8213409,The Kneipe,21.068683466150944,105.82417076144966,Pub
316,"Tây Hồ, Hanoi Vietnam",21.0709066,105.8213409,The Kitchen,21.06825179482164,105.82495739327513,Café
317,"Tây Hồ, Hanoi Vietnam",21.0709066,105.8213409,Bohemia West Lake Cafe,21.071360412116977,105.82181675863217,Café
318,"Tây Hồ, Hanoi Vietnam",21.0709066,105.8213409,La Salsa,21.064493889551876,105.82765733494469,Tapas Restaurant
319,"Tây Hồ, Hanoi Vietnam",21.0709066,105.8213409,Madake 81 Xuân Diệu,21.067550498604625,105.8259705627357,Vietnamese Restaurant
320,"Tây Hồ, Hanoi Vietnam",21.0709066,105.8213409,Maison de Blanc,21.065823,105.826148,Bakery
321,"Tây Hồ, Hanoi Vietnam",21.0709066,105.8213409,Chợ Hoa Nghi Tàm,21.06715793062628,105.82765663167791,Flower Shop
322,"Tây Hồ, Hanoi Vietnam",21.0709066,105.8213409,Anh Hoa Restaurant,21.077310830454053,105.82069713975493,Vietnamese Restaurant
323,"Tây Hồ, Hanoi Vietnam",21.0709066,105.8213409,Rừng (Forest),21.069700760298893,105.82594235507412,Vietnamese Restaurant
324,"Tây Hồ, Hanoi Vietnam",21.0709066,105.8213409,Bàng Làng,21.07672784029917,105.82094950213448,Asian Restaurant
325,"Tây Hồ, Hanoi Vietnam",21.0709066,105.8213409,Maldives Coffee,21.062699865575787,105.82022056994637,Coffee Shop
326,"Tây Hồ, Hanoi Vietnam",21.0709066,105.8213409,westlake station,21.06824,105.825303,Bistro
327,"Tây Hồ, Hanoi Vietnam",21.0709066,105.8213409,Hương Việt,21.074569286140868,105.81396102905272,Vietnamese Restaurant
328,"Tây Hồ, Hanoi Vietnam",21.0709066,105.8213409,Bún Bò Huế O Uông,21.074632,105.813548,Vietnamese Restaurant
329,"Tây Hồ, Hanoi Vietnam",21.0709066,105.8213409,Đôi Rồng Thiêng,21.06894326,105.81239315,Monument / Landmark
330,"Tây Hồ, Hanoi Vietnam",21.0709066,105.8213409,blossom garden,21.072845287854435,105.81234910419106,Coffee Shop
331,"Tây Hồ, Hanoi Vietnam",21.0709066,105.8213409,Vườn Đào Nhật Tân,21.075333130760487,105.82951999377468,Garden
332,"Thanh Xuân, Hanoi Vietnam",20.9938862,105.8146705,GoGi House,21.001279281953497,105.81652844966348,Korean Restaurant
333,"Thanh Xuân, Hanoi Vietnam",20.9938862,105.8146705,Vuvuzela,20.99340203640736,105.80761377331604,Beer Bar
334,"Thanh Xuân, Hanoi Vietnam",20.9938862,105.8146705,B59 Coffee,20.999326639025238,105.81853502764544,Coffee Shop
335,"Thanh Xuân, Hanoi Vietnam",20.9938862,105.8146705,CGV Cinemas Vincom Royal City,21.002600670455926,105.81550796977224,Multiplex
336,"Thanh Xuân, Hanoi Vietnam",20.9938862,105.8146705,Royal City - Thành Phố Hoàng Gia,21.002600670455926,105.81550796977224,Shopping Mall
337,"Thanh Xuân, Hanoi Vietnam",20.9938862,105.8146705,Ding Tea,20.997412855562924,105.8113431930542,Bubble Tea Shop
338,"Thanh Xuân, Hanoi Vietnam",20.9938862,105.8146705,Tous Les Jours,21.002439920991566,105.81574155363606,Bakery
339,"Thanh Xuân, Hanoi Vietnam",20.9938862,105.8146705,Pico,21.000564820935054,105.81563791822487,Electronics Store
340,"Thanh Xuân, Hanoi Vietnam",20.9938862,105.8146705,Cafe Trịnh,20.99879,105.82045,Café
341,"Thanh Xuân, Hanoi Vietnam",20.9938862,105.8146705,Ocean Mart @ Royalcity,21.001320252702147,105.81725654830414,Market
342,"Thanh Xuân, Hanoi Vietnam",20.9938862,105.8146705,Royal Buffet,21.002502191218287,105.81533024632128,Buffet
343,"Thanh Xuân, Hanoi Vietnam",20.9938862,105.8146705,California Royal City,21.002512799216284,105.81564556224941,Gym
